Subject,Start Date,Start Time,End Date,End Time,Location
14 April 2025,13-04-25,20:00,13-04-25,20:30,https://github.com/karthikraman/panchangam/raw/master/png/Chennai-5127/daily/001.png
15 April 2025,14-04-25,20:00,14-04-25,20:30,https://github.com/karthikraman/panchangam/raw/master/png/Chennai-5127/daily/002.png
16 April 2025,15-04-25,20:00,15-04-25,20:30,https://github.com/karthikraman/panchangam/raw/master/png/Chennai-5127/daily/003.png
17 April 2025,16-04-25,20:00,16-04-25,20:30,https://github.com/karthikraman/panchangam/raw/master/png/Chennai-5127/daily/004.png
18 April 2025,17-04-25,20:00,17-04-25,20:30,https://github.com/karthikraman/panchangam/raw/master/png/Chennai-5127/daily/005.png
19 April 2025,18-04-25,20:00,18-04-25,20:30,https://github.com/karthikraman/panchangam/raw/master/png/Chennai-5127/daily/006.png
20 April 2025,19-04-25,20:00,19-04-25,20:30,https://github.com/karthikraman/panchangam/raw/master/png/Chennai-5127/daily/007.png
21 April 2025,20-04-25,20:00,20-04-25,20:30,https://github.com/karthikraman/panchangam/raw/master/png/Chennai-5127/daily/008.png
22 April 2025,21-04-25,20:00,21-04-25,20:30,https://github.com/karthikraman/panchangam/raw/master/png/Chennai-5127/daily/009.png
23 April 2025,22-04-25,20:00,22-04-25,20:30,https://github.com/karthikraman/panchangam/raw/master/png/Chennai-5127/daily/010.png
24 April 2025,23-04-25,20:00,23-04-25,20:30,https://github.com/karthikraman/panchangam/raw/master/png/Chennai-5127/daily/011.png
25 April 2025,24-04-25,20:00,24-04-25,20:30,https://github.com/karthikraman/panchangam/raw/master/png/Chennai-5127/daily/012.png
26 April 2025,25-04-25,20:00,25-04-25,20:30,https://github.com/karthikraman/panchangam/raw/master/png/Chennai-5127/daily/013.png
27 April 2025,26-04-25,20:00,26-04-25,20:30,https://github.com/karthikraman/panchangam/raw/master/png/Chennai-5127/daily/014.png
28 April 2025,27-04-25,20:00,27-04-25,20:30,https://github.com/karthikraman/panchangam/raw/master/png/Chennai-5127/daily/015.png
29 April 2025,28-04-25,20:00,28-04-25,20:30,https://github.com/karthikraman/panchangam/raw/master/png/Chennai-5127/daily/016.png
30 April 2025,29-04-25,20:00,29-04-25,20:30,https://github.com/karthikraman/panchangam/raw/master/png/Chennai-5127/daily/017.png
01 May 2025,30-04-25,20:00,30-04-25,20:30,https://github.com/karthikraman/panchangam/raw/master/png/Chennai-5127/daily/018.png
02 May 2025,01-05-25,20:00,01-05-25,20:30,https://github.com/karthikraman/panchangam/raw/master/png/Chennai-5127/daily/019.png
03 May 2025,02-05-25,20:00,02-05-25,20:30,https://github.com/karthikraman/panchangam/raw/master/png/Chennai-5127/daily/020.png
04 May 2025,03-05-25,20:00,03-05-25,20:30,https://github.com/karthikraman/panchangam/raw/master/png/Chennai-5127/daily/021.png
05 May 2025,04-05-25,20:00,04-05-25,20:30,https://github.com/karthikraman/panchangam/raw/master/png/Chennai-5127/daily/022.png
06 May 2025,05-05-25,20:00,05-05-25,20:30,https://github.com/karthikraman/panchangam/raw/master/png/Chennai-5127/daily/023.png
07 May 2025,06-05-25,20:00,06-05-25,20:30,https://github.com/karthikraman/panchangam/raw/master/png/Chennai-5127/daily/024.png
08 May 2025,07-05-25,20:00,07-05-25,20:30,https://github.com/karthikraman/panchangam/raw/master/png/Chennai-5127/daily/025.png
09 May 2025,08-05-25,20:00,08-05-25,20:30,https://github.com/karthikraman/panchangam/raw/master/png/Chennai-5127/daily/026.png
10 May 2025,09-05-25,20:00,09-05-25,20:30,https://github.com/karthikraman/panchangam/raw/master/png/Chennai-5127/daily/027.png
11 May 2025,10-05-25,20:00,10-05-25,20:30,https://github.com/karthikraman/panchangam/raw/master/png/Chennai-5127/daily/028.png
12 May 2025,11-05-25,20:00,11-05-25,20:30,https://github.com/karthikraman/panchangam/raw/master/png/Chennai-5127/daily/029.png
13 May 2025,12-05-25,20:00,12-05-25,20:30,https://github.com/karthikraman/panchangam/raw/master/png/Chennai-5127/daily/030.png
14 May 2025,13-05-25,20:00,13-05-25,20:30,https://github.com/karthikraman/panchangam/raw/master/png/Chennai-5127/daily/031.png
15 May 2025,14-05-25,20:00,14-05-25,20:30,https://github.com/karthikraman/panchangam/raw/master/png/Chennai-5127/daily/032.png
16 May 2025,15-05-25,20:00,15-05-25,20:30,https://github.com/karthikraman/panchangam/raw/master/png/Chennai-5127/daily/033.png
17 May 2025,16-05-25,20:00,16-05-25,20:30,https://github.com/karthikraman/panchangam/raw/master/png/Chennai-5127/daily/034.png
18 May 2025,17-05-25,20:00,17-05-25,20:30,https://github.com/karthikraman/panchangam/raw/master/png/Chennai-5127/daily/035.png
19 May 2025,18-05-25,20:00,18-05-25,20:30,https://github.com/karthikraman/panchangam/raw/master/png/Chennai-5127/daily/036.png
20 May 2025,19-05-25,20:00,19-05-25,20:30,https://github.com/karthikraman/panchangam/raw/master/png/Chennai-5127/daily/037.png
21 May 2025,20-05-25,20:00,20-05-25,20:30,https://github.com/karthikraman/panchangam/raw/master/png/Chennai-5127/daily/038.png
22 May 2025,21-05-25,20:00,21-05-25,20:30,https://github.com/karthikraman/panchangam/raw/master/png/Chennai-5127/daily/039.png
23 May 2025,22-05-25,20:00,22-05-25,20:30,https://github.com/karthikraman/panchangam/raw/master/png/Chennai-5127/daily/040.png
24 May 2025,23-05-25,20:00,23-05-25,20:30,https://github.com/karthikraman/panchangam/raw/master/png/Chennai-5127/daily/041.png
25 May 2025,24-05-25,20:00,24-05-25,20:30,https://github.com/karthikraman/panchangam/raw/master/png/Chennai-5127/daily/042.png
26 May 2025,25-05-25,20:00,25-05-25,20:30,https://github.com/karthikraman/panchangam/raw/master/png/Chennai-5127/daily/043.png
27 May 2025,26-05-25,20:00,26-05-25,20:30,https://github.com/karthikraman/panchangam/raw/master/png/Chennai-5127/daily/044.png
28 May 2025,27-05-25,20:00,27-05-25,20:30,https://github.com/karthikraman/panchangam/raw/master/png/Chennai-5127/daily/045.png
29 May 2025,28-05-25,20:00,28-05-25,20:30,https://github.com/karthikraman/panchangam/raw/master/png/Chennai-5127/daily/046.png
30 May 2025,29-05-25,20:00,29-05-25,20:30,https://github.com/karthikraman/panchangam/raw/master/png/Chennai-5127/daily/047.png
31 May 2025,30-05-25,20:00,30-05-25,20:30,https://github.com/karthikraman/panchangam/raw/master/png/Chennai-5127/daily/048.png
01 June 2025,31-05-25,20:00,31-05-25,20:30,https://github.com/karthikraman/panchangam/raw/master/png/Chennai-5127/daily/049.png
02 June 2025,01-06-25,20:00,01-06-25,20:30,https://github.com/karthikraman/panchangam/raw/master/png/Chennai-5127/daily/050.png
03 June 2025,02-06-25,20:00,02-06-25,20:30,https://github.com/karthikraman/panchangam/raw/master/png/Chennai-5127/daily/051.png
04 June 2025,03-06-25,20:00,03-06-25,20:30,https://github.com/karthikraman/panchangam/raw/master/png/Chennai-5127/daily/052.png
05 June 2025,04-06-25,20:00,04-06-25,20:30,https://github.com/karthikraman/panchangam/raw/master/png/Chennai-5127/daily/053.png
06 June 2025,05-06-25,20:00,05-06-25,20:30,https://github.com/karthikraman/panchangam/raw/master/png/Chennai-5127/daily/054.png
07 June 2025,06-06-25,20:00,06-06-25,20:30,https://github.com/karthikraman/panchangam/raw/master/png/Chennai-5127/daily/055.png
08 June 2025,07-06-25,20:00,07-06-25,20:30,https://github.com/karthikraman/panchangam/raw/master/png/Chennai-5127/daily/056.png
09 June 2025,08-06-25,20:00,08-06-25,20:30,https://github.com/karthikraman/panchangam/raw/master/png/Chennai-5127/daily/057.png
10 June 2025,09-06-25,20:00,09-06-25,20:30,https://github.com/karthikraman/panchangam/raw/master/png/Chennai-5127/daily/058.png
11 June 2025,10-06-25,20:00,10-06-25,20:30,https://github.com/karthikraman/panchangam/raw/master/png/Chennai-5127/daily/059.png
12 June 2025,11-06-25,20:00,11-06-25,20:30,https://github.com/karthikraman/panchangam/raw/master/png/Chennai-5127/daily/060.png
13 June 2025,12-06-25,20:00,12-06-25,20:30,https://github.com/karthikraman/panchangam/raw/master/png/Chennai-5127/daily/061.png
14 June 2025,13-06-25,20:00,13-06-25,20:30,https://github.com/karthikraman/panchangam/raw/master/png/Chennai-5127/daily/062.png
15 June 2025,14-06-25,20:00,14-06-25,20:30,https://github.com/karthikraman/panchangam/raw/master/png/Chennai-5127/daily/063.png
16 June 2025,15-06-25,20:00,15-06-25,20:30,https://github.com/karthikraman/panchangam/raw/master/png/Chennai-5127/daily/064.png
17 June 2025,16-06-25,20:00,16-06-25,20:30,https://github.com/karthikraman/panchangam/raw/master/png/Chennai-5127/daily/065.png
18 June 2025,17-06-25,20:00,17-06-25,20:30,https://github.com/karthikraman/panchangam/raw/master/png/Chennai-5127/daily/066.png
19 June 2025,18-06-25,20:00,18-06-25,20:30,https://github.com/karthikraman/panchangam/raw/master/png/Chennai-5127/daily/067.png
20 June 2025,19-06-25,20:00,19-06-25,20:30,https://github.com/karthikraman/panchangam/raw/master/png/Chennai-5127/daily/068.png
21 June 2025,20-06-25,20:00,20-06-25,20:30,https://github.com/karthikraman/panchangam/raw/master/png/Chennai-5127/daily/069.png
22 June 2025,21-06-25,20:00,21-06-25,20:30,https://github.com/karthikraman/panchangam/raw/master/png/Chennai-5127/daily/070.png
23 June 2025,22-06-25,20:00,22-06-25,20:30,https://github.com/karthikraman/panchangam/raw/master/png/Chennai-5127/daily/071.png
24 June 2025,23-06-25,20:00,23-06-25,20:30,https://github.com/karthikraman/panchangam/raw/master/png/Chennai-5127/daily/072.png
25 June 2025,24-06-25,20:00,24-06-25,20:30,https://github.com/karthikraman/panchangam/raw/master/png/Chennai-5127/daily/073.png
26 June 2025,25-06-25,20:00,25-06-25,20:30,https://github.com/karthikraman/panchangam/raw/master/png/Chennai-5127/daily/074.png
27 June 2025,26-06-25,20:00,26-06-25,20:30,https://github.com/karthikraman/panchangam/raw/master/png/Chennai-5127/daily/075.png
28 June 2025,27-06-25,20:00,27-06-25,20:30,https://github.com/karthikraman/panchangam/raw/master/png/Chennai-5127/daily/076.png
29 June 2025,28-06-25,20:00,28-06-25,20:30,https://github.com/karthikraman/panchangam/raw/master/png/Chennai-5127/daily/077.png
30 June 2025,29-06-25,20:00,29-06-25,20:30,https://github.com/karthikraman/panchangam/raw/master/png/Chennai-5127/daily/078.png
01 July 2025,30-06-25,20:00,30-06-25,20:30,https://github.com/karthikraman/panchangam/raw/master/png/Chennai-5127/daily/079.png
02 July 2025,01-07-25,20:00,01-07-25,20:30,https://github.com/karthikraman/panchangam/raw/master/png/Chennai-5127/daily/080.png
03 July 2025,02-07-25,20:00,02-07-25,20:30,https://github.com/karthikraman/panchangam/raw/master/png/Chennai-5127/daily/081.png
04 July 2025,03-07-25,20:00,03-07-25,20:30,https://github.com/karthikraman/panchangam/raw/master/png/Chennai-5127/daily/082.png
05 July 2025,04-07-25,20:00,04-07-25,20:30,https://github.com/karthikraman/panchangam/raw/master/png/Chennai-5127/daily/083.png
06 July 2025,05-07-25,20:00,05-07-25,20:30,https://github.com/karthikraman/panchangam/raw/master/png/Chennai-5127/daily/084.png
07 July 2025,06-07-25,20:00,06-07-25,20:30,https://github.com/karthikraman/panchangam/raw/master/png/Chennai-5127/daily/085.png
08 July 2025,07-07-25,20:00,07-07-25,20:30,https://github.com/karthikraman/panchangam/raw/master/png/Chennai-5127/daily/086.png
09 July 2025,08-07-25,20:00,08-07-25,20:30,https://github.com/karthikraman/panchangam/raw/master/png/Chennai-5127/daily/087.png
10 July 2025,09-07-25,20:00,09-07-25,20:30,https://github.com/karthikraman/panchangam/raw/master/png/Chennai-5127/daily/088.png
11 July 2025,10-07-25,20:00,10-07-25,20:30,https://github.com/karthikraman/panchangam/raw/master/png/Chennai-5127/daily/089.png
12 July 2025,11-07-25,20:00,11-07-25,20:30,https://github.com/karthikraman/panchangam/raw/master/png/Chennai-5127/daily/090.png
13 July 2025,12-07-25,20:00,12-07-25,20:30,https://github.com/karthikraman/panchangam/raw/master/png/Chennai-5127/daily/091.png
14 July 2025,13-07-25,20:00,13-07-25,20:30,https://github.com/karthikraman/panchangam/raw/master/png/Chennai-5127/daily/092.png
15 July 2025,14-07-25,20:00,14-07-25,20:30,https://github.com/karthikraman/panchangam/raw/master/png/Chennai-5127/daily/093.png
16 July 2025,15-07-25,20:00,15-07-25,20:30,https://github.com/karthikraman/panchangam/raw/master/png/Chennai-5127/daily/094.png
17 July 2025,16-07-25,20:00,16-07-25,20:30,https://github.com/karthikraman/panchangam/raw/master/png/Chennai-5127/daily/095.png
18 July 2025,17-07-25,20:00,17-07-25,20:30,https://github.com/karthikraman/panchangam/raw/master/png/Chennai-5127/daily/096.png
19 July 2025,18-07-25,20:00,18-07-25,20:30,https://github.com/karthikraman/panchangam/raw/master/png/Chennai-5127/daily/097.png
20 July 2025,19-07-25,20:00,19-07-25,20:30,https://github.com/karthikraman/panchangam/raw/master/png/Chennai-5127/daily/098.png
21 July 2025,20-07-25,20:00,20-07-25,20:30,https://github.com/karthikraman/panchangam/raw/master/png/Chennai-5127/daily/099.png
22 July 2025,21-07-25,20:00,21-07-25,20:30,https://github.com/karthikraman/panchangam/raw/master/png/Chennai-5127/daily/100.png
23 July 2025,22-07-25,20:00,22-07-25,20:30,https://github.com/karthikraman/panchangam/raw/master/png/Chennai-5127/daily/101.png
24 July 2025,23-07-25,20:00,23-07-25,20:30,https://github.com/karthikraman/panchangam/raw/master/png/Chennai-5127/daily/102.png
25 July 2025,24-07-25,20:00,24-07-25,20:30,https://github.com/karthikraman/panchangam/raw/master/png/Chennai-5127/daily/103.png
26 July 2025,25-07-25,20:00,25-07-25,20:30,https://github.com/karthikraman/panchangam/raw/master/png/Chennai-5127/daily/104.png
27 July 2025,26-07-25,20:00,26-07-25,20:30,https://github.com/karthikraman/panchangam/raw/master/png/Chennai-5127/daily/105.png
28 July 2025,27-07-25,20:00,27-07-25,20:30,https://github.com/karthikraman/panchangam/raw/master/png/Chennai-5127/daily/106.png
29 July 2025,28-07-25,20:00,28-07-25,20:30,https://github.com/karthikraman/panchangam/raw/master/png/Chennai-5127/daily/107.png
30 July 2025,29-07-25,20:00,29-07-25,20:30,https://github.com/karthikraman/panchangam/raw/master/png/Chennai-5127/daily/108.png
31 July 2025,30-07-25,20:00,30-07-25,20:30,https://github.com/karthikraman/panchangam/raw/master/png/Chennai-5127/daily/109.png
01 August 2025,31-07-25,20:00,31-07-25,20:30,https://github.com/karthikraman/panchangam/raw/master/png/Chennai-5127/daily/110.png
02 August 2025,01-08-25,20:00,01-08-25,20:30,https://github.com/karthikraman/panchangam/raw/master/png/Chennai-5127/daily/111.png
03 August 2025,02-08-25,20:00,02-08-25,20:30,https://github.com/karthikraman/panchangam/raw/master/png/Chennai-5127/daily/112.png
04 August 2025,03-08-25,20:00,03-08-25,20:30,https://github.com/karthikraman/panchangam/raw/master/png/Chennai-5127/daily/113.png
05 August 2025,04-08-25,20:00,04-08-25,20:30,https://github.com/karthikraman/panchangam/raw/master/png/Chennai-5127/daily/114.png
06 August 2025,05-08-25,20:00,05-08-25,20:30,https://github.com/karthikraman/panchangam/raw/master/png/Chennai-5127/daily/115.png
07 August 2025,06-08-25,20:00,06-08-25,20:30,https://github.com/karthikraman/panchangam/raw/master/png/Chennai-5127/daily/116.png
08 August 2025,07-08-25,20:00,07-08-25,20:30,https://github.com/karthikraman/panchangam/raw/master/png/Chennai-5127/daily/117.png
09 August 2025,08-08-25,20:00,08-08-25,20:30,https://github.com/karthikraman/panchangam/raw/master/png/Chennai-5127/daily/118.png
10 August 2025,09-08-25,20:00,09-08-25,20:30,https://github.com/karthikraman/panchangam/raw/master/png/Chennai-5127/daily/119.png
11 August 2025,10-08-25,20:00,10-08-25,20:30,https://github.com/karthikraman/panchangam/raw/master/png/Chennai-5127/daily/120.png
12 August 2025,11-08-25,20:00,11-08-25,20:30,https://github.com/karthikraman/panchangam/raw/master/png/Chennai-5127/daily/121.png
13 August 2025,12-08-25,20:00,12-08-25,20:30,https://github.com/karthikraman/panchangam/raw/master/png/Chennai-5127/daily/122.png
14 August 2025,13-08-25,20:00,13-08-25,20:30,https://github.com/karthikraman/panchangam/raw/master/png/Chennai-5127/daily/123.png
15 August 2025,14-08-25,20:00,14-08-25,20:30,https://github.com/karthikraman/panchangam/raw/master/png/Chennai-5127/daily/124.png
16 August 2025,15-08-25,20:00,15-08-25,20:30,https://github.com/karthikraman/panchangam/raw/master/png/Chennai-5127/daily/125.png
17 August 2025,16-08-25,20:00,16-08-25,20:30,https://github.com/karthikraman/panchangam/raw/master/png/Chennai-5127/daily/126.png
18 August 2025,17-08-25,20:00,17-08-25,20:30,https://github.com/karthikraman/panchangam/raw/master/png/Chennai-5127/daily/127.png
19 August 2025,18-08-25,20:00,18-08-25,20:30,https://github.com/karthikraman/panchangam/raw/master/png/Chennai-5127/daily/128.png
20 August 2025,19-08-25,20:00,19-08-25,20:30,https://github.com/karthikraman/panchangam/raw/master/png/Chennai-5127/daily/129.png
21 August 2025,20-08-25,20:00,20-08-25,20:30,https://github.com/karthikraman/panchangam/raw/master/png/Chennai-5127/daily/130.png
22 August 2025,21-08-25,20:00,21-08-25,20:30,https://github.com/karthikraman/panchangam/raw/master/png/Chennai-5127/daily/131.png
23 August 2025,22-08-25,20:00,22-08-25,20:30,https://github.com/karthikraman/panchangam/raw/master/png/Chennai-5127/daily/132.png
24 August 2025,23-08-25,20:00,23-08-25,20:30,https://github.com/karthikraman/panchangam/raw/master/png/Chennai-5127/daily/133.png
25 August 2025,24-08-25,20:00,24-08-25,20:30,https://github.com/karthikraman/panchangam/raw/master/png/Chennai-5127/daily/134.png
26 August 2025,25-08-25,20:00,25-08-25,20:30,https://github.com/karthikraman/panchangam/raw/master/png/Chennai-5127/daily/135.png
27 August 2025,26-08-25,20:00,26-08-25,20:30,https://github.com/karthikraman/panchangam/raw/master/png/Chennai-5127/daily/136.png
28 August 2025,27-08-25,20:00,27-08-25,20:30,https://github.com/karthikraman/panchangam/raw/master/png/Chennai-5127/daily/137.png
29 August 2025,28-08-25,20:00,28-08-25,20:30,https://github.com/karthikraman/panchangam/raw/master/png/Chennai-5127/daily/138.png
30 August 2025,29-08-25,20:00,29-08-25,20:30,https://github.com/karthikraman/panchangam/raw/master/png/Chennai-5127/daily/139.png
31 August 2025,30-08-25,20:00,30-08-25,20:30,https://github.com/karthikraman/panchangam/raw/master/png/Chennai-5127/daily/140.png
01 September 2025,31-08-25,20:00,31-08-25,20:30,https://github.com/karthikraman/panchangam/raw/master/png/Chennai-5127/daily/141.png
02 September 2025,01-09-25,20:00,01-09-25,20:30,https://github.com/karthikraman/panchangam/raw/master/png/Chennai-5127/daily/142.png
03 September 2025,02-09-25,20:00,02-09-25,20:30,https://github.com/karthikraman/panchangam/raw/master/png/Chennai-5127/daily/143.png
04 September 2025,03-09-25,20:00,03-09-25,20:30,https://github.com/karthikraman/panchangam/raw/master/png/Chennai-5127/daily/144.png
05 September 2025,04-09-25,20:00,04-09-25,20:30,https://github.com/karthikraman/panchangam/raw/master/png/Chennai-5127/daily/145.png
06 September 2025,05-09-25,20:00,05-09-25,20:30,https://github.com/karthikraman/panchangam/raw/master/png/Chennai-5127/daily/146.png
07 September 2025,06-09-25,20:00,06-09-25,20:30,https://github.com/karthikraman/panchangam/raw/master/png/Chennai-5127/daily/147.png
08 September 2025,07-09-25,20:00,07-09-25,20:30,https://github.com/karthikraman/panchangam/raw/master/png/Chennai-5127/daily/148.png
09 September 2025,08-09-25,20:00,08-09-25,20:30,https://github.com/karthikraman/panchangam/raw/master/png/Chennai-5127/daily/149.png
10 September 2025,09-09-25,20:00,09-09-25,20:30,https://github.com/karthikraman/panchangam/raw/master/png/Chennai-5127/daily/150.png
11 September 2025,10-09-25,20:00,10-09-25,20:30,https://github.com/karthikraman/panchangam/raw/master/png/Chennai-5127/daily/151.png
12 September 2025,11-09-25,20:00,11-09-25,20:30,https://github.com/karthikraman/panchangam/raw/master/png/Chennai-5127/daily/152.png
13 September 2025,12-09-25,20:00,12-09-25,20:30,https://github.com/karthikraman/panchangam/raw/master/png/Chennai-5127/daily/153.png
14 September 2025,13-09-25,20:00,13-09-25,20:30,https://github.com/karthikraman/panchangam/raw/master/png/Chennai-5127/daily/154.png
15 September 2025,14-09-25,20:00,14-09-25,20:30,https://github.com/karthikraman/panchangam/raw/master/png/Chennai-5127/daily/155.png
16 September 2025,15-09-25,20:00,15-09-25,20:30,https://github.com/karthikraman/panchangam/raw/master/png/Chennai-5127/daily/156.png
17 September 2025,16-09-25,20:00,16-09-25,20:30,https://github.com/karthikraman/panchangam/raw/master/png/Chennai-5127/daily/157.png
18 September 2025,17-09-25,20:00,17-09-25,20:30,https://github.com/karthikraman/panchangam/raw/master/png/Chennai-5127/daily/158.png
19 September 2025,18-09-25,20:00,18-09-25,20:30,https://github.com/karthikraman/panchangam/raw/master/png/Chennai-5127/daily/159.png
20 September 2025,19-09-25,20:00,19-09-25,20:30,https://github.com/karthikraman/panchangam/raw/master/png/Chennai-5127/daily/160.png
21 September 2025,20-09-25,20:00,20-09-25,20:30,https://github.com/karthikraman/panchangam/raw/master/png/Chennai-5127/daily/161.png
22 September 2025,21-09-25,20:00,21-09-25,20:30,https://github.com/karthikraman/panchangam/raw/master/png/Chennai-5127/daily/162.png
23 September 2025,22-09-25,20:00,22-09-25,20:30,https://github.com/karthikraman/panchangam/raw/master/png/Chennai-5127/daily/163.png
24 September 2025,23-09-25,20:00,23-09-25,20:30,https://github.com/karthikraman/panchangam/raw/master/png/Chennai-5127/daily/164.png
25 September 2025,24-09-25,20:00,24-09-25,20:30,https://github.com/karthikraman/panchangam/raw/master/png/Chennai-5127/daily/165.png
26 September 2025,25-09-25,20:00,25-09-25,20:30,https://github.com/karthikraman/panchangam/raw/master/png/Chennai-5127/daily/166.png
27 September 2025,26-09-25,20:00,26-09-25,20:30,https://github.com/karthikraman/panchangam/raw/master/png/Chennai-5127/daily/167.png
28 September 2025,27-09-25,20:00,27-09-25,20:30,https://github.com/karthikraman/panchangam/raw/master/png/Chennai-5127/daily/168.png
29 September 2025,28-09-25,20:00,28-09-25,20:30,https://github.com/karthikraman/panchangam/raw/master/png/Chennai-5127/daily/169.png
30 September 2025,29-09-25,20:00,29-09-25,20:30,https://github.com/karthikraman/panchangam/raw/master/png/Chennai-5127/daily/170.png
01 October 2025,30-09-25,20:00,30-09-25,20:30,https://github.com/karthikraman/panchangam/raw/master/png/Chennai-5127/daily/171.png
02 October 2025,01-10-25,20:00,01-10-25,20:30,https://github.com/karthikraman/panchangam/raw/master/png/Chennai-5127/daily/172.png
03 October 2025,02-10-25,20:00,02-10-25,20:30,https://github.com/karthikraman/panchangam/raw/master/png/Chennai-5127/daily/173.png
04 October 2025,03-10-25,20:00,03-10-25,20:30,https://github.com/karthikraman/panchangam/raw/master/png/Chennai-5127/daily/174.png
05 October 2025,04-10-25,20:00,04-10-25,20:30,https://github.com/karthikraman/panchangam/raw/master/png/Chennai-5127/daily/175.png
06 October 2025,05-10-25,20:00,05-10-25,20:30,https://github.com/karthikraman/panchangam/raw/master/png/Chennai-5127/daily/176.png
07 October 2025,06-10-25,20:00,06-10-25,20:30,https://github.com/karthikraman/panchangam/raw/master/png/Chennai-5127/daily/177.png
08 October 2025,07-10-25,20:00,07-10-25,20:30,https://github.com/karthikraman/panchangam/raw/master/png/Chennai-5127/daily/178.png
09 October 2025,08-10-25,20:00,08-10-25,20:30,https://github.com/karthikraman/panchangam/raw/master/png/Chennai-5127/daily/179.png
10 October 2025,09-10-25,20:00,09-10-25,20:30,https://github.com/karthikraman/panchangam/raw/master/png/Chennai-5127/daily/180.png
11 October 2025,10-10-25,20:00,10-10-25,20:30,https://github.com/karthikraman/panchangam/raw/master/png/Chennai-5127/daily/181.png
12 October 2025,11-10-25,20:00,11-10-25,20:30,https://github.com/karthikraman/panchangam/raw/master/png/Chennai-5127/daily/182.png
13 October 2025,12-10-25,20:00,12-10-25,20:30,https://github.com/karthikraman/panchangam/raw/master/png/Chennai-5127/daily/183.png
14 October 2025,13-10-25,20:00,13-10-25,20:30,https://github.com/karthikraman/panchangam/raw/master/png/Chennai-5127/daily/184.png
15 October 2025,14-10-25,20:00,14-10-25,20:30,https://github.com/karthikraman/panchangam/raw/master/png/Chennai-5127/daily/185.png
16 October 2025,15-10-25,20:00,15-10-25,20:30,https://github.com/karthikraman/panchangam/raw/master/png/Chennai-5127/daily/186.png
17 October 2025,16-10-25,20:00,16-10-25,20:30,https://github.com/karthikraman/panchangam/raw/master/png/Chennai-5127/daily/187.png
18 October 2025,17-10-25,20:00,17-10-25,20:30,https://github.com/karthikraman/panchangam/raw/master/png/Chennai-5127/daily/188.png
19 October 2025,18-10-25,20:00,18-10-25,20:30,https://github.com/karthikraman/panchangam/raw/master/png/Chennai-5127/daily/189.png
20 October 2025,19-10-25,20:00,19-10-25,20:30,https://github.com/karthikraman/panchangam/raw/master/png/Chennai-5127/daily/190.png
21 October 2025,20-10-25,20:00,20-10-25,20:30,https://github.com/karthikraman/panchangam/raw/master/png/Chennai-5127/daily/191.png
22 October 2025,21-10-25,20:00,21-10-25,20:30,https://github.com/karthikraman/panchangam/raw/master/png/Chennai-5127/daily/192.png
23 October 2025,22-10-25,20:00,22-10-25,20:30,https://github.com/karthikraman/panchangam/raw/master/png/Chennai-5127/daily/193.png
24 October 2025,23-10-25,20:00,23-10-25,20:30,https://github.com/karthikraman/panchangam/raw/master/png/Chennai-5127/daily/194.png
25 October 2025,24-10-25,20:00,24-10-25,20:30,https://github.com/karthikraman/panchangam/raw/master/png/Chennai-5127/daily/195.png
26 October 2025,25-10-25,20:00,25-10-25,20:30,https://github.com/karthikraman/panchangam/raw/master/png/Chennai-5127/daily/196.png
27 October 2025,26-10-25,20:00,26-10-25,20:30,https://github.com/karthikraman/panchangam/raw/master/png/Chennai-5127/daily/197.png
28 October 2025,27-10-25,20:00,27-10-25,20:30,https://github.com/karthikraman/panchangam/raw/master/png/Chennai-5127/daily/198.png
29 October 2025,28-10-25,20:00,28-10-25,20:30,https://github.com/karthikraman/panchangam/raw/master/png/Chennai-5127/daily/199.png
30 October 2025,29-10-25,20:00,29-10-25,20:30,https://github.com/karthikraman/panchangam/raw/master/png/Chennai-5127/daily/200.png
31 October 2025,30-10-25,20:00,30-10-25,20:30,https://github.com/karthikraman/panchangam/raw/master/png/Chennai-5127/daily/201.png
01 November 2025,31-10-25,20:00,31-10-25,20:30,https://github.com/karthikraman/panchangam/raw/master/png/Chennai-5127/daily/202.png
02 November 2025,01-11-25,20:00,01-11-25,20:30,https://github.com/karthikraman/panchangam/raw/master/png/Chennai-5127/daily/203.png
03 November 2025,02-11-25,20:00,02-11-25,20:30,https://github.com/karthikraman/panchangam/raw/master/png/Chennai-5127/daily/204.png
04 November 2025,03-11-25,20:00,03-11-25,20:30,https://github.com/karthikraman/panchangam/raw/master/png/Chennai-5127/daily/205.png
05 November 2025,04-11-25,20:00,04-11-25,20:30,https://github.com/karthikraman/panchangam/raw/master/png/Chennai-5127/daily/206.png
06 November 2025,05-11-25,20:00,05-11-25,20:30,https://github.com/karthikraman/panchangam/raw/master/png/Chennai-5127/daily/207.png
07 November 2025,06-11-25,20:00,06-11-25,20:30,https://github.com/karthikraman/panchangam/raw/master/png/Chennai-5127/daily/208.png
08 November 2025,07-11-25,20:00,07-11-25,20:30,https://github.com/karthikraman/panchangam/raw/master/png/Chennai-5127/daily/209.png
09 November 2025,08-11-25,20:00,08-11-25,20:30,https://github.com/karthikraman/panchangam/raw/master/png/Chennai-5127/daily/210.png
10 November 2025,09-11-25,20:00,09-11-25,20:30,https://github.com/karthikraman/panchangam/raw/master/png/Chennai-5127/daily/211.png
11 November 2025,10-11-25,20:00,10-11-25,20:30,https://github.com/karthikraman/panchangam/raw/master/png/Chennai-5127/daily/212.png
12 November 2025,11-11-25,20:00,11-11-25,20:30,https://github.com/karthikraman/panchangam/raw/master/png/Chennai-5127/daily/213.png
13 November 2025,12-11-25,20:00,12-11-25,20:30,https://github.com/karthikraman/panchangam/raw/master/png/Chennai-5127/daily/214.png
14 November 2025,13-11-25,20:00,13-11-25,20:30,https://github.com/karthikraman/panchangam/raw/master/png/Chennai-5127/daily/215.png
15 November 2025,14-11-25,20:00,14-11-25,20:30,https://github.com/karthikraman/panchangam/raw/master/png/Chennai-5127/daily/216.png
16 November 2025,15-11-25,20:00,15-11-25,20:30,https://github.com/karthikraman/panchangam/raw/master/png/Chennai-5127/daily/217.png
17 November 2025,16-11-25,20:00,16-11-25,20:30,https://github.com/karthikraman/panchangam/raw/master/png/Chennai-5127/daily/218.png
18 November 2025,17-11-25,20:00,17-11-25,20:30,https://github.com/karthikraman/panchangam/raw/master/png/Chennai-5127/daily/219.png
19 November 2025,18-11-25,20:00,18-11-25,20:30,https://github.com/karthikraman/panchangam/raw/master/png/Chennai-5127/daily/220.png
20 November 2025,19-11-25,20:00,19-11-25,20:30,https://github.com/karthikraman/panchangam/raw/master/png/Chennai-5127/daily/221.png
21 November 2025,20-11-25,20:00,20-11-25,20:30,https://github.com/karthikraman/panchangam/raw/master/png/Chennai-5127/daily/222.png
22 November 2025,21-11-25,20:00,21-11-25,20:30,https://github.com/karthikraman/panchangam/raw/master/png/Chennai-5127/daily/223.png
23 November 2025,22-11-25,20:00,22-11-25,20:30,https://github.com/karthikraman/panchangam/raw/master/png/Chennai-5127/daily/224.png
24 November 2025,23-11-25,20:00,23-11-25,20:30,https://github.com/karthikraman/panchangam/raw/master/png/Chennai-5127/daily/225.png
25 November 2025,24-11-25,20:00,24-11-25,20:30,https://github.com/karthikraman/panchangam/raw/master/png/Chennai-5127/daily/226.png
26 November 2025,25-11-25,20:00,25-11-25,20:30,https://github.com/karthikraman/panchangam/raw/master/png/Chennai-5127/daily/227.png
27 November 2025,26-11-25,20:00,26-11-25,20:30,https://github.com/karthikraman/panchangam/raw/master/png/Chennai-5127/daily/228.png
28 November 2025,27-11-25,20:00,27-11-25,20:30,https://github.com/karthikraman/panchangam/raw/master/png/Chennai-5127/daily/229.png
29 November 2025,28-11-25,20:00,28-11-25,20:30,https://github.com/karthikraman/panchangam/raw/master/png/Chennai-5127/daily/230.png
30 November 2025,29-11-25,20:00,29-11-25,20:30,https://github.com/karthikraman/panchangam/raw/master/png/Chennai-5127/daily/231.png
01 December 2025,30-11-25,20:00,30-11-25,20:30,https://github.com/karthikraman/panchangam/raw/master/png/Chennai-5127/daily/232.png
02 December 2025,01-12-25,20:00,01-12-25,20:30,https://github.com/karthikraman/panchangam/raw/master/png/Chennai-5127/daily/233.png
03 December 2025,02-12-25,20:00,02-12-25,20:30,https://github.com/karthikraman/panchangam/raw/master/png/Chennai-5127/daily/234.png
04 December 2025,03-12-25,20:00,03-12-25,20:30,https://github.com/karthikraman/panchangam/raw/master/png/Chennai-5127/daily/235.png
05 December 2025,04-12-25,20:00,04-12-25,20:30,https://github.com/karthikraman/panchangam/raw/master/png/Chennai-5127/daily/236.png
06 December 2025,05-12-25,20:00,05-12-25,20:30,https://github.com/karthikraman/panchangam/raw/master/png/Chennai-5127/daily/237.png
07 December 2025,06-12-25,20:00,06-12-25,20:30,https://github.com/karthikraman/panchangam/raw/master/png/Chennai-5127/daily/238.png
08 December 2025,07-12-25,20:00,07-12-25,20:30,https://github.com/karthikraman/panchangam/raw/master/png/Chennai-5127/daily/239.png
09 December 2025,08-12-25,20:00,08-12-25,20:30,https://github.com/karthikraman/panchangam/raw/master/png/Chennai-5127/daily/240.png
10 December 2025,09-12-25,20:00,09-12-25,20:30,https://github.com/karthikraman/panchangam/raw/master/png/Chennai-5127/daily/241.png
11 December 2025,10-12-25,20:00,10-12-25,20:30,https://github.com/karthikraman/panchangam/raw/master/png/Chennai-5127/daily/242.png
12 December 2025,11-12-25,20:00,11-12-25,20:30,https://github.com/karthikraman/panchangam/raw/master/png/Chennai-5127/daily/243.png
13 December 2025,12-12-25,20:00,12-12-25,20:30,https://github.com/karthikraman/panchangam/raw/master/png/Chennai-5127/daily/244.png
14 December 2025,13-12-25,20:00,13-12-25,20:30,https://github.com/karthikraman/panchangam/raw/master/png/Chennai-5127/daily/245.png
15 December 2025,14-12-25,20:00,14-12-25,20:30,https://github.com/karthikraman/panchangam/raw/master/png/Chennai-5127/daily/246.png
16 December 2025,15-12-25,20:00,15-12-25,20:30,https://github.com/karthikraman/panchangam/raw/master/png/Chennai-5127/daily/247.png
17 December 2025,16-12-25,20:00,16-12-25,20:30,https://github.com/karthikraman/panchangam/raw/master/png/Chennai-5127/daily/248.png
18 December 2025,17-12-25,20:00,17-12-25,20:30,https://github.com/karthikraman/panchangam/raw/master/png/Chennai-5127/daily/249.png
19 December 2025,18-12-25,20:00,18-12-25,20:30,https://github.com/karthikraman/panchangam/raw/master/png/Chennai-5127/daily/250.png
20 December 2025,19-12-25,20:00,19-12-25,20:30,https://github.com/karthikraman/panchangam/raw/master/png/Chennai-5127/daily/251.png
21 December 2025,20-12-25,20:00,20-12-25,20:30,https://github.com/karthikraman/panchangam/raw/master/png/Chennai-5127/daily/252.png
22 December 2025,21-12-25,20:00,21-12-25,20:30,https://github.com/karthikraman/panchangam/raw/master/png/Chennai-5127/daily/253.png
23 December 2025,22-12-25,20:00,22-12-25,20:30,https://github.com/karthikraman/panchangam/raw/master/png/Chennai-5127/daily/254.png
24 December 2025,23-12-25,20:00,23-12-25,20:30,https://github.com/karthikraman/panchangam/raw/master/png/Chennai-5127/daily/255.png
25 December 2025,24-12-25,20:00,24-12-25,20:30,https://github.com/karthikraman/panchangam/raw/master/png/Chennai-5127/daily/256.png
26 December 2025,25-12-25,20:00,25-12-25,20:30,https://github.com/karthikraman/panchangam/raw/master/png/Chennai-5127/daily/257.png
27 December 2025,26-12-25,20:00,26-12-25,20:30,https://github.com/karthikraman/panchangam/raw/master/png/Chennai-5127/daily/258.png
28 December 2025,27-12-25,20:00,27-12-25,20:30,https://github.com/karthikraman/panchangam/raw/master/png/Chennai-5127/daily/259.png
29 December 2025,28-12-25,20:00,28-12-25,20:30,https://github.com/karthikraman/panchangam/raw/master/png/Chennai-5127/daily/260.png
30 December 2025,29-12-25,20:00,29-12-25,20:30,https://github.com/karthikraman/panchangam/raw/master/png/Chennai-5127/daily/261.png
31 December 2025,30-12-25,20:00,30-12-25,20:30,https://github.com/karthikraman/panchangam/raw/master/png/Chennai-5127/daily/262.png
01 January 2026,31-12-25,20:00,31-12-25,20:30,https://github.com/karthikraman/panchangam/raw/master/png/Chennai-5127/daily/263.png
02 January 2026,01-01-26,20:00,01-01-26,20:30,https://github.com/karthikraman/panchangam/raw/master/png/Chennai-5127/daily/264.png
03 January 2026,02-01-26,20:00,02-01-26,20:30,https://github.com/karthikraman/panchangam/raw/master/png/Chennai-5127/daily/265.png
04 January 2026,03-01-26,20:00,03-01-26,20:30,https://github.com/karthikraman/panchangam/raw/master/png/Chennai-5127/daily/266.png
05 January 2026,04-01-26,20:00,04-01-26,20:30,https://github.com/karthikraman/panchangam/raw/master/png/Chennai-5127/daily/267.png
06 January 2026,05-01-26,20:00,05-01-26,20:30,https://github.com/karthikraman/panchangam/raw/master/png/Chennai-5127/daily/268.png
07 January 2026,06-01-26,20:00,06-01-26,20:30,https://github.com/karthikraman/panchangam/raw/master/png/Chennai-5127/daily/269.png
08 January 2026,07-01-26,20:00,07-01-26,20:30,https://github.com/karthikraman/panchangam/raw/master/png/Chennai-5127/daily/270.png
09 January 2026,08-01-26,20:00,08-01-26,20:30,https://github.com/karthikraman/panchangam/raw/master/png/Chennai-5127/daily/271.png
10 January 2026,09-01-26,20:00,09-01-26,20:30,https://github.com/karthikraman/panchangam/raw/master/png/Chennai-5127/daily/272.png
11 January 2026,10-01-26,20:00,10-01-26,20:30,https://github.com/karthikraman/panchangam/raw/master/png/Chennai-5127/daily/273.png
12 January 2026,11-01-26,20:00,11-01-26,20:30,https://github.com/karthikraman/panchangam/raw/master/png/Chennai-5127/daily/274.png
13 January 2026,12-01-26,20:00,12-01-26,20:30,https://github.com/karthikraman/panchangam/raw/master/png/Chennai-5127/daily/275.png
14 January 2026,13-01-26,20:00,13-01-26,20:30,https://github.com/karthikraman/panchangam/raw/master/png/Chennai-5127/daily/276.png
15 January 2026,14-01-26,20:00,14-01-26,20:30,https://github.com/karthikraman/panchangam/raw/master/png/Chennai-5127/daily/277.png
16 January 2026,15-01-26,20:00,15-01-26,20:30,https://github.com/karthikraman/panchangam/raw/master/png/Chennai-5127/daily/278.png
17 January 2026,16-01-26,20:00,16-01-26,20:30,https://github.com/karthikraman/panchangam/raw/master/png/Chennai-5127/daily/279.png
18 January 2026,17-01-26,20:00,17-01-26,20:30,https://github.com/karthikraman/panchangam/raw/master/png/Chennai-5127/daily/280.png
19 January 2026,18-01-26,20:00,18-01-26,20:30,https://github.com/karthikraman/panchangam/raw/master/png/Chennai-5127/daily/281.png
20 January 2026,19-01-26,20:00,19-01-26,20:30,https://github.com/karthikraman/panchangam/raw/master/png/Chennai-5127/daily/282.png
21 January 2026,20-01-26,20:00,20-01-26,20:30,https://github.com/karthikraman/panchangam/raw/master/png/Chennai-5127/daily/283.png
22 January 2026,21-01-26,20:00,21-01-26,20:30,https://github.com/karthikraman/panchangam/raw/master/png/Chennai-5127/daily/284.png
23 January 2026,22-01-26,20:00,22-01-26,20:30,https://github.com/karthikraman/panchangam/raw/master/png/Chennai-5127/daily/285.png
24 January 2026,23-01-26,20:00,23-01-26,20:30,https://github.com/karthikraman/panchangam/raw/master/png/Chennai-5127/daily/286.png
25 January 2026,24-01-26,20:00,24-01-26,20:30,https://github.com/karthikraman/panchangam/raw/master/png/Chennai-5127/daily/287.png
26 January 2026,25-01-26,20:00,25-01-26,20:30,https://github.com/karthikraman/panchangam/raw/master/png/Chennai-5127/daily/288.png
27 January 2026,26-01-26,20:00,26-01-26,20:30,https://github.com/karthikraman/panchangam/raw/master/png/Chennai-5127/daily/289.png
28 January 2026,27-01-26,20:00,27-01-26,20:30,https://github.com/karthikraman/panchangam/raw/master/png/Chennai-5127/daily/290.png
29 January 2026,28-01-26,20:00,28-01-26,20:30,https://github.com/karthikraman/panchangam/raw/master/png/Chennai-5127/daily/291.png
30 January 2026,29-01-26,20:00,29-01-26,20:30,https://github.com/karthikraman/panchangam/raw/master/png/Chennai-5127/daily/292.png
31 January 2026,30-01-26,20:00,30-01-26,20:30,https://github.com/karthikraman/panchangam/raw/master/png/Chennai-5127/daily/293.png
01 February 2026,31-01-26,20:00,31-01-26,20:30,https://github.com/karthikraman/panchangam/raw/master/png/Chennai-5127/daily/294.png
02 February 2026,01-02-26,20:00,01-02-26,20:30,https://github.com/karthikraman/panchangam/raw/master/png/Chennai-5127/daily/295.png
03 February 2026,02-02-26,20:00,02-02-26,20:30,https://github.com/karthikraman/panchangam/raw/master/png/Chennai-5127/daily/296.png
04 February 2026,03-02-26,20:00,03-02-26,20:30,https://github.com/karthikraman/panchangam/raw/master/png/Chennai-5127/daily/297.png
05 February 2026,04-02-26,20:00,04-02-26,20:30,https://github.com/karthikraman/panchangam/raw/master/png/Chennai-5127/daily/298.png
06 February 2026,05-02-26,20:00,05-02-26,20:30,https://github.com/karthikraman/panchangam/raw/master/png/Chennai-5127/daily/299.png
07 February 2026,06-02-26,20:00,06-02-26,20:30,https://github.com/karthikraman/panchangam/raw/master/png/Chennai-5127/daily/300.png
08 February 2026,07-02-26,20:00,07-02-26,20:30,https://github.com/karthikraman/panchangam/raw/master/png/Chennai-5127/daily/301.png
09 February 2026,08-02-26,20:00,08-02-26,20:30,https://github.com/karthikraman/panchangam/raw/master/png/Chennai-5127/daily/302.png
10 February 2026,09-02-26,20:00,09-02-26,20:30,https://github.com/karthikraman/panchangam/raw/master/png/Chennai-5127/daily/303.png
11 February 2026,10-02-26,20:00,10-02-26,20:30,https://github.com/karthikraman/panchangam/raw/master/png/Chennai-5127/daily/304.png
12 February 2026,11-02-26,20:00,11-02-26,20:30,https://github.com/karthikraman/panchangam/raw/master/png/Chennai-5127/daily/305.png
13 February 2026,12-02-26,20:00,12-02-26,20:30,https://github.com/karthikraman/panchangam/raw/master/png/Chennai-5127/daily/306.png
14 February 2026,13-02-26,20:00,13-02-26,20:30,https://github.com/karthikraman/panchangam/raw/master/png/Chennai-5127/daily/307.png
15 February 2026,14-02-26,20:00,14-02-26,20:30,https://github.com/karthikraman/panchangam/raw/master/png/Chennai-5127/daily/308.png
16 February 2026,15-02-26,20:00,15-02-26,20:30,https://github.com/karthikraman/panchangam/raw/master/png/Chennai-5127/daily/309.png
17 February 2026,16-02-26,20:00,16-02-26,20:30,https://github.com/karthikraman/panchangam/raw/master/png/Chennai-5127/daily/310.png
18 February 2026,17-02-26,20:00,17-02-26,20:30,https://github.com/karthikraman/panchangam/raw/master/png/Chennai-5127/daily/311.png
19 February 2026,18-02-26,20:00,18-02-26,20:30,https://github.com/karthikraman/panchangam/raw/master/png/Chennai-5127/daily/312.png
20 February 2026,19-02-26,20:00,19-02-26,20:30,https://github.com/karthikraman/panchangam/raw/master/png/Chennai-5127/daily/313.png
21 February 2026,20-02-26,20:00,20-02-26,20:30,https://github.com/karthikraman/panchangam/raw/master/png/Chennai-5127/daily/314.png
22 February 2026,21-02-26,20:00,21-02-26,20:30,https://github.com/karthikraman/panchangam/raw/master/png/Chennai-5127/daily/315.png
23 February 2026,22-02-26,20:00,22-02-26,20:30,https://github.com/karthikraman/panchangam/raw/master/png/Chennai-5127/daily/316.png
24 February 2026,23-02-26,20:00,23-02-26,20:30,https://github.com/karthikraman/panchangam/raw/master/png/Chennai-5127/daily/317.png
25 February 2026,24-02-26,20:00,24-02-26,20:30,https://github.com/karthikraman/panchangam/raw/master/png/Chennai-5127/daily/318.png
26 February 2026,25-02-26,20:00,25-02-26,20:30,https://github.com/karthikraman/panchangam/raw/master/png/Chennai-5127/daily/319.png
27 February 2026,26-02-26,20:00,26-02-26,20:30,https://github.com/karthikraman/panchangam/raw/master/png/Chennai-5127/daily/320.png
28 February 2026,27-02-26,20:00,27-02-26,20:30,https://github.com/karthikraman/panchangam/raw/master/png/Chennai-5127/daily/321.png
01 March 2026,28-02-26,20:00,28-02-26,20:30,https://github.com/karthikraman/panchangam/raw/master/png/Chennai-5127/daily/322.png
02 March 2026,01-03-26,20:00,01-03-26,20:30,https://github.com/karthikraman/panchangam/raw/master/png/Chennai-5127/daily/323.png
03 March 2026,02-03-26,20:00,02-03-26,20:30,https://github.com/karthikraman/panchangam/raw/master/png/Chennai-5127/daily/324.png
04 March 2026,03-03-26,20:00,03-03-26,20:30,https://github.com/karthikraman/panchangam/raw/master/png/Chennai-5127/daily/325.png
05 March 2026,04-03-26,20:00,04-03-26,20:30,https://github.com/karthikraman/panchangam/raw/master/png/Chennai-5127/daily/326.png
06 March 2026,05-03-26,20:00,05-03-26,20:30,https://github.com/karthikraman/panchangam/raw/master/png/Chennai-5127/daily/327.png
07 March 2026,06-03-26,20:00,06-03-26,20:30,https://github.com/karthikraman/panchangam/raw/master/png/Chennai-5127/daily/328.png
08 March 2026,07-03-26,20:00,07-03-26,20:30,https://github.com/karthikraman/panchangam/raw/master/png/Chennai-5127/daily/329.png
09 March 2026,08-03-26,20:00,08-03-26,20:30,https://github.com/karthikraman/panchangam/raw/master/png/Chennai-5127/daily/330.png
10 March 2026,09-03-26,20:00,09-03-26,20:30,https://github.com/karthikraman/panchangam/raw/master/png/Chennai-5127/daily/331.png
11 March 2026,10-03-26,20:00,10-03-26,20:30,https://github.com/karthikraman/panchangam/raw/master/png/Chennai-5127/daily/332.png
12 March 2026,11-03-26,20:00,11-03-26,20:30,https://github.com/karthikraman/panchangam/raw/master/png/Chennai-5127/daily/333.png
13 March 2026,12-03-26,20:00,12-03-26,20:30,https://github.com/karthikraman/panchangam/raw/master/png/Chennai-5127/daily/334.png
14 March 2026,13-03-26,20:00,13-03-26,20:30,https://github.com/karthikraman/panchangam/raw/master/png/Chennai-5127/daily/335.png
15 March 2026,14-03-26,20:00,14-03-26,20:30,https://github.com/karthikraman/panchangam/raw/master/png/Chennai-5127/daily/336.png
16 March 2026,15-03-26,20:00,15-03-26,20:30,https://github.com/karthikraman/panchangam/raw/master/png/Chennai-5127/daily/337.png
17 March 2026,16-03-26,20:00,16-03-26,20:30,https://github.com/karthikraman/panchangam/raw/master/png/Chennai-5127/daily/338.png
18 March 2026,17-03-26,20:00,17-03-26,20:30,https://github.com/karthikraman/panchangam/raw/master/png/Chennai-5127/daily/339.png
19 March 2026,18-03-26,20:00,18-03-26,20:30,https://github.com/karthikraman/panchangam/raw/master/png/Chennai-5127/daily/340.png
20 March 2026,19-03-26,20:00,19-03-26,20:30,https://github.com/karthikraman/panchangam/raw/master/png/Chennai-5127/daily/341.png
21 March 2026,20-03-26,20:00,20-03-26,20:30,https://github.com/karthikraman/panchangam/raw/master/png/Chennai-5127/daily/342.png
22 March 2026,21-03-26,20:00,21-03-26,20:30,https://github.com/karthikraman/panchangam/raw/master/png/Chennai-5127/daily/343.png
23 March 2026,22-03-26,20:00,22-03-26,20:30,https://github.com/karthikraman/panchangam/raw/master/png/Chennai-5127/daily/344.png
24 March 2026,23-03-26,20:00,23-03-26,20:30,https://github.com/karthikraman/panchangam/raw/master/png/Chennai-5127/daily/345.png
25 March 2026,24-03-26,20:00,24-03-26,20:30,https://github.com/karthikraman/panchangam/raw/master/png/Chennai-5127/daily/346.png
26 March 2026,25-03-26,20:00,25-03-26,20:30,https://github.com/karthikraman/panchangam/raw/master/png/Chennai-5127/daily/347.png
27 March 2026,26-03-26,20:00,26-03-26,20:30,https://github.com/karthikraman/panchangam/raw/master/png/Chennai-5127/daily/348.png
28 March 2026,27-03-26,20:00,27-03-26,20:30,https://github.com/karthikraman/panchangam/raw/master/png/Chennai-5127/daily/349.png
29 March 2026,28-03-26,20:00,28-03-26,20:30,https://github.com/karthikraman/panchangam/raw/master/png/Chennai-5127/daily/350.png
30 March 2026,29-03-26,20:00,29-03-26,20:30,https://github.com/karthikraman/panchangam/raw/master/png/Chennai-5127/daily/351.png
31 March 2026,30-03-26,20:00,30-03-26,20:30,https://github.com/karthikraman/panchangam/raw/master/png/Chennai-5127/daily/352.png
01 April 2026,31-03-26,20:00,31-03-26,20:30,https://github.com/karthikraman/panchangam/raw/master/png/Chennai-5127/daily/353.png
02 April 2026,01-04-26,20:00,01-04-26,20:30,https://github.com/karthikraman/panchangam/raw/master/png/Chennai-5127/daily/354.png
03 April 2026,02-04-26,20:00,02-04-26,20:30,https://github.com/karthikraman/panchangam/raw/master/png/Chennai-5127/daily/355.png
04 April 2026,03-04-26,20:00,03-04-26,20:30,https://github.com/karthikraman/panchangam/raw/master/png/Chennai-5127/daily/356.png
05 April 2026,04-04-26,20:00,04-04-26,20:30,https://github.com/karthikraman/panchangam/raw/master/png/Chennai-5127/daily/357.png
06 April 2026,05-04-26,20:00,05-04-26,20:30,https://github.com/karthikraman/panchangam/raw/master/png/Chennai-5127/daily/358.png
07 April 2026,06-04-26,20:00,06-04-26,20:30,https://github.com/karthikraman/panchangam/raw/master/png/Chennai-5127/daily/359.png
08 April 2026,07-04-26,20:00,07-04-26,20:30,https://github.com/karthikraman/panchangam/raw/master/png/Chennai-5127/daily/360.png
09 April 2026,08-04-26,20:00,08-04-26,20:30,https://github.com/karthikraman/panchangam/raw/master/png/Chennai-5127/daily/361.png
10 April 2026,09-04-26,20:00,09-04-26,20:30,https://github.com/karthikraman/panchangam/raw/master/png/Chennai-5127/daily/362.png
11 April 2026,10-04-26,20:00,10-04-26,20:30,https://github.com/karthikraman/panchangam/raw/master/png/Chennai-5127/daily/363.png
12 April 2026,11-04-26,20:00,11-04-26,20:30,https://github.com/karthikraman/panchangam/raw/master/png/Chennai-5127/daily/364.png
13 April 2026,12-04-26,20:00,12-04-26,20:30,https://github.com/karthikraman/panchangam/raw/master/png/Chennai-5127/daily/365.png
14 April 2026,13-04-26,20:00,13-04-26,20:30,https://github.com/karthikraman/panchangam/raw/master/png/Chennai-5127/daily/366.png
15 April 2026,14-04-26,20:00,14-04-26,20:30,https://github.com/karthikraman/panchangam/raw/master/png/Chennai-5127/daily/367.png
